{
    "execution_time": 63.796875,
    "args": {
        "intvars": false,
        "samples": 1000,
        "alpha": 0.95,
        "replicas": 30,
        "lab_factors": [
            0.8,
            0.9,
            1.0,
            1.1,
            1.2
        ],
        "dem_factors": [
            -0.3,
            -0.15,
            0,
            0.15,
            0.3
        ],
        "seed": 42,
        "verbose": 0
    },
    "results": {
        "EV": {
            "obj": 576239.010989011,
            "sol": {
                "X": [
                    [
                        300.0,
                        320.0,
                        516.1538461538462,
                        403.8461538461538
                    ],
                    [
                        578.5714285714286,
                        570.0,
                        368.07692307692304,
                        376.92307692307696
                    ]
                ],
                "U": [
                    [
                        92.85714285714312,
                        130.0,
                        0.0,
                        0.0
                    ],
                    [
                        0.0,
                        0.0,
                        0.0,
                        0.0
                    ],
                    [
                        450.0,
                        450.0,
                        375.0,
                        350.0
                    ]
                ],
                "Z+": [
                    0.0,
                    0.0,
                    0.0
                ],
                "Z-": [
                    0.0,
                    825.0,
                    275.0
                ],
                "Y+": [
                    [
                        0.0,
                        0.0,
                        0.0,
                        0.0
                    ],
                    [
                        0.0,
                        0.0,
                        0.0,
                        206.42857142857144
                    ]
                ],
                "Y-": [
                    [
                        0.0,
                        0.0,
                        76.15384615384619,
                        0.0
                    ],
                    [
                        78.57142857142856,
                        148.57142857142856,
                        16.648351648351593,
                        0.0
                    ]
                ]
            }
        },
        "EEV": 606435.4379760714,
        "TS": {
            "obj": 601117.5993877135,
            "sol": {
                "X": [
                    [
                        337.52358594195675,
                        304.17308147099266,
                        451.85615889076644,
                        403.8461538461538
                    ],
                    [
                        555.5871165623822,
                        569.880189907081,
                        395.6330747611001,
                        376.92307692307696
                    ]
                ],
                "U": [
                    [
                        128.029926579738,
                        66.09327541937546,
                        0.0,
                        0.0
                    ],
                    [
                        0.0,
                        0.0,
                        0.0,
                        0.0
                    ],
                    [
                        401.6805737625459,
                        401.680573762545,
                        375.0,
                        350.0
                    ]
                ],
                "Z+": [
                    0.0,
                    0.0,
                    0.0
                ],
                "Z-": [
                    0.0,
                    776.6805737625455,
                    275.0
                ]
            }
        },
        "MRP_CI": 2486.708550253999,
        "WS": 578610.7047228726,
        "VSS": 5317.838588357903,
        "EVPI": 22506.89466484089,
        "purchase probability": 0.372125,
        "labor sensitivity": {
            "(0.8, 0.8)": 603312.3740750147,
            "(0.8, 0.9)": 604612.374195416,
            "(0.8, 1.0)": 605912.3740747134,
            "(0.8, 1.1)": 607212.3741039919,
            "(0.8, 1.2)": 608512.3740782546,
            "(0.9, 0.8)": 600474.3048929046,
            "(0.9, 0.9)": 601936.8049138747,
            "(0.9, 1.0)": 603399.3048839264,
            "(0.9, 1.1)": 604852.2648368555,
            "(0.9, 1.2)": 606233.5782954397,
            "(1.0, 0.8)": 597936.1162804449,
            "(1.0, 0.9)": 599558.9719902406,
            "(1.0, 1.0)": 601117.5993878609,
            "(1.0, 1.1)": 602610.0340811686,
            "(1.0, 1.2)": 604007.9576901284,
            "(1.1, 0.8)": 595756.1078193752,
            "(1.1, 0.9)": 597408.7523637457,
            "(1.1, 1.0)": 598985.270218697,
            "(1.1, 1.1)": 600495.7068661132,
            "(1.1, 1.2)": 601921.566506186,
            "(1.2, 0.8)": 593661.4420617957,
            "(1.2, 0.9)": 595324.8646753446,
            "(1.2, 1.0)": 596925.7897318243,
            "(1.2, 1.1)": 598453.062247601,
            "(1.2, 1.2)": 599928.66753706
        },
        "demand sensitivity": {
            "(-0.3, -0.3)": 596045.4389500823,
            "(-0.3, -0.15)": 599602.9336884592,
            "(-0.3, 0.0)": 606475.7095587221,
            "(-0.3, 0.15)": 602848.331602586,
            "(-0.3, 0.3)": 605133.8756158778,
            "(-0.15, -0.3)": 594960.6274511138,
            "(-0.15, -0.15)": 597648.9249229908,
            "(-0.15, 0.0)": 601415.9316514554,
            "(-0.15, 0.15)": 600537.2207183384,
            "(-0.15, 0.3)": 604853.827810115,
            "(0.0, -0.3)": 598769.1856652042,
            "(0.0, -0.15)": 600824.8228969511,
            "(0.0, 0.0)": 599114.583108974,
            "(0.0, 0.15)": 602317.0036585692,
            "(0.0, 0.3)": 603121.2083533001,
            "(0.15, -0.3)": 599721.4497307471,
            "(0.15, -0.15)": 604156.3414889846,
            "(0.15, 0.0)": 607446.0932993302,
            "(0.15, 0.15)": 602031.6739085894,
            "(0.15, 0.3)": 602973.0457190007,
            "(0.3, -0.3)": 596657.3885068292,
            "(0.3, -0.15)": 600369.6822495601,
            "(0.3, 0.0)": 602474.8272053452,
            "(0.3, 0.15)": 605037.6306328987,
            "(0.3, 0.3)": 607864.3547386338
        }
    }
}