{
    "execution_time": 10.578125,
    "args": {
        "intvars": false,
        "samples": 500,
        "alpha": 0.95,
        "replicas": 30,
        "lab_factors": [
            0.8,
            0.9,
            1.0,
            1.1,
            1.2
        ],
        "dem_factors": [
            -0.3,
            -0.15,
            0,
            0.15,
            0.3
        ],
        "seed": 42,
        "verbose": 0
    },
    "results": {
        "EV": {
            "obj": 576239.010989011,
            "sol": {
                "X": [
                    [
                        300.0,
                        320.0,
                        516.1538461538462,
                        403.8461538461538
                    ],
                    [
                        578.5714285714286,
                        570.0,
                        368.07692307692304,
                        376.92307692307696
                    ]
                ],
                "U": [
                    [
                        92.85714285714312,
                        130.0,
                        0.0,
                        0.0
                    ],
                    [
                        0.0,
                        0.0,
                        0.0,
                        0.0
                    ],
                    [
                        450.0,
                        450.0,
                        375.0,
                        350.0
                    ]
                ],
                "Z+": [
                    0.0,
                    0.0,
                    0.0
                ],
                "Z-": [
                    0.0,
                    825.0,
                    275.0
                ],
                "Y+": [
                    [
                        0.0,
                        0.0,
                        0.0,
                        0.0
                    ],
                    [
                        0.0,
                        0.0,
                        0.0,
                        206.42857142857144
                    ]
                ],
                "Y-": [
                    [
                        0.0,
                        0.0,
                        76.15384615384619,
                        0.0
                    ],
                    [
                        78.57142857142856,
                        148.57142857142856,
                        16.648351648351593,
                        0.0
                    ]
                ]
            }
        },
        "EEV": 606732.3914679871,
        "TS": {
            "obj": 601715.7418352844,
            "sol": {
                "X": [
                    [
                        334.3589702517573,
                        305.78539095023297,
                        457.21955265670414,
                        403.84615384615387
                    ],
                    [
                        554.9017981083559,
                        567.1476178090093,
                        393.3344774328411,
                        376.9230769230769
                    ]
                ],
                "U": [
                    [
                        111.9448715488088,
                        58.8796528459784,
                        0.0,
                        0.0
                    ],
                    [
                        0.0,
                        0.0,
                        0.0,
                        0.0
                    ],
                    [
                        387.3894975137632,
                        387.3894975137637,
                        375.0,
                        350.0
                    ]
                ],
                "Z+": [
                    0.0,
                    0.0,
                    0.0
                ],
                "Z-": [
                    0.0,
                    762.3894975137637,
                    275.0
                ]
            }
        },
        "MRP_CI": 917.0742630809258,
        "WS": 579060.0104574859,
        "VSS": 5016.649632702698,
        "EVPI": 22655.731377798482,
        "purchase probability": 0.3765,
        "labor sensitivity": {
            "(0.8, 0.8)": 603827.3898439249,
            "(0.8, 0.9)": 605127.389856145,
            "(0.8, 1.0)": 606427.3898464694,
            "(0.8, 1.1)": 607727.3898509663,
            "(0.8, 1.2)": 609027.3898500748,
            "(0.9, 0.8)": 601020.8371829648,
            "(0.9, 0.9)": 602483.3371829822,
            "(0.9, 1.0)": 603945.8371830353,
            "(0.9, 1.1)": 605384.8488618908,
            "(0.9, 1.2)": 606751.3709074446,
            "(1.0, 0.8)": 598634.0764627347,
            "(1.0, 0.9)": 600206.6084457813,
            "(1.0, 1.0)": 601715.7418352867,
            "(1.0, 1.1)": 603177.0885085702,
            "(1.0, 1.2)": 604549.0428398922,
            "(1.1, 0.8)": 596503.5563727219,
            "(1.1, 0.9)": 598105.1718427109,
            "(1.1, 1.0)": 599618.2496005478,
            "(1.1, 1.1)": 601087.8423036564,
            "(1.1, 1.2)": 602485.3581895623,
            "(1.2, 0.8)": 594431.753731563,
            "(1.2, 0.9)": 596050.4326435082,
            "(1.2, 1.0)": 597574.9805999687,
            "(1.2, 1.1)": 599059.1510914585,
            "(1.2, 1.2)": 600512.0188140601
        },
        "demand sensitivity": {
            "(-0.3, -0.3)": 597449.7970165609,
            "(-0.3, -0.15)": 597407.2213889594,
            "(-0.3, 0.0)": 598687.4549400192,
            "(-0.3, 0.15)": 601223.8481194056,
            "(-0.3, 0.3)": 606631.7915047708,
            "(-0.15, -0.3)": 596747.9609069002,
            "(-0.15, -0.15)": 603803.3402771378,
            "(-0.15, 0.0)": 601817.8502492498,
            "(-0.15, 0.15)": 603678.2744893434,
            "(-0.15, 0.3)": 604330.5288834432,
            "(0.0, -0.3)": 601564.8584414606,
            "(0.0, -0.15)": 601986.9564420012,
            "(0.0, 0.0)": 597385.1197425182,
            "(0.0, 0.15)": 601276.9352342177,
            "(0.0, 0.3)": 606370.4969407412,
            "(0.15, -0.3)": 594998.9605753493,
            "(0.15, -0.15)": 602086.9068428888,
            "(0.15, 0.0)": 601191.7460315044,
            "(0.15, 0.15)": 601780.3611234666,
            "(0.15, 0.3)": 607028.9341147459,
            "(0.3, -0.3)": 597658.9829879832,
            "(0.3, -0.15)": 602885.3145285385,
            "(0.3, 0.0)": 599553.2032016134,
            "(0.3, 0.15)": 605312.5474694279,
            "(0.3, 0.3)": 606556.2298735385
        }
    }
}