{
    "execution_time": 4.734375,
    "args": {
        "intvars": false,
        "samples": 100,
        "alpha": 0.95,
        "replicas": 30,
        "lab_factors": [
            0.8,
            0.9,
            1.0,
            1.1,
            1.2
        ],
        "dem_factors": [
            -0.3,
            -0.15,
            0,
            0.15,
            0.3
        ],
        "seed": 42,
        "verbose": 0
    },
    "results": {
        "EV": {
            "obj": 576239.010989011,
            "sol": {
                "X": [
                    [
                        300.0,
                        320.0,
                        516.1538461538462,
                        403.8461538461538
                    ],
                    [
                        578.5714285714286,
                        570.0,
                        368.07692307692304,
                        376.92307692307696
                    ]
                ],
                "U": [
                    [
                        92.85714285714312,
                        130.0,
                        0.0,
                        0.0
                    ],
                    [
                        0.0,
                        0.0,
                        0.0,
                        0.0
                    ],
                    [
                        450.0,
                        450.0,
                        375.0,
                        350.0
                    ]
                ],
                "Z+": [
                    0.0,
                    0.0,
                    0.0
                ],
                "Z-": [
                    0.0,
                    825.0,
                    275.0
                ],
                "Y+": [
                    [
                        0.0,
                        0.0,
                        0.0,
                        0.0
                    ],
                    [
                        0.0,
                        0.0,
                        0.0,
                        206.42857142857144
                    ]
                ],
                "Y-": [
                    [
                        0.0,
                        0.0,
                        76.15384615384619,
                        0.0
                    ],
                    [
                        78.57142857142856,
                        148.57142857142856,
                        16.648351648351593,
                        0.0
                    ]
                ]
            }
        },
        "EEV": 605327.7006555371,
        "TS": {
            "obj": 600414.4304966909,
            "sol": {
                "X": [
                    [
                        333.87673096062986,
                        308.13122930591504,
                        459.0711960893588,
                        403.8461538461538
                    ],
                    [
                        564.0528295883015,
                        575.0866160117506,
                        392.5409159617034,
                        376.92307692307696
                    ]
                ],
                "U": [
                    [
                        155.77107178402684,
                        107.95799728241309,
                        0.0,
                        0.0
                    ],
                    [
                        0.0,
                        0.0,
                        0.0,
                        0.0
                    ],
                    [
                        449.99999999999955,
                        450.0,
                        375.0,
                        350.0
                    ]
                ],
                "Z+": [
                    0.0,
                    0.0,
                    0.0
                ],
                "Z-": [
                    0.0,
                    825.0,
                    275.0
                ]
            }
        },
        "MRP_CI": 8780.365990201764,
        "WS": 578994.4191526929,
        "VSS": 4913.270158846164,
        "EVPI": 21420.01134399802,
        "purchase probability": 0.365,
        "labor sensitivity": {
            "(0.8, 0.8)": 603283.2416226879,
            "(0.8, 0.9)": 604583.2416213563,
            "(0.8, 1.0)": 605883.2416213687,
            "(0.8, 1.1)": 607183.241621341,
            "(0.8, 1.2)": 608483.2416213413,
            "(0.9, 0.8)": 600037.9998507156,
            "(0.9, 0.9)": 601500.4998492124,
            "(0.9, 1.0)": 602962.9998492447,
            "(0.9, 1.1)": 604425.4998492268,
            "(0.9, 1.2)": 605887.9998492239,
            "(1.0, 0.8)": 597164.4304966927,
            "(1.0, 0.9)": 598789.4304966996,
            "(1.0, 1.0)": 600414.4304982931,
            "(1.0, 1.1)": 602039.430496902,
            "(1.0, 1.2)": 603648.0005993316,
            "(1.1, 0.8)": 594648.7203445325,
            "(1.1, 0.9)": 596431.3203088666,
            "(1.1, 1.0)": 598180.9499491113,
            "(1.1, 1.1)": 599891.2585041048,
            "(1.1, 1.2)": 601530.0576063523,
            "(1.2, 0.8)": 592470.7908842656,
            "(1.2, 0.9)": 594303.2771637924,
            "(1.2, 1.0)": 596058.3983395029,
            "(1.2, 1.1)": 597781.9660285132,
            "(1.2, 1.2)": 599433.4249142254
        },
        "demand sensitivity": {
            "(-0.3, -0.3)": 596048.9397739286,
            "(-0.3, -0.15)": 602989.7914858555,
            "(-0.3, 0.0)": 591211.476536822,
            "(-0.3, 0.15)": 603243.8317300334,
            "(-0.3, 0.3)": 609415.091346095,
            "(-0.15, -0.3)": 603172.3652356986,
            "(-0.15, -0.15)": 589661.173453242,
            "(-0.15, 0.0)": 617228.4500376156,
            "(-0.15, 0.15)": 604352.4483967755,
            "(-0.15, 0.3)": 600983.6920670226,
            "(0.0, -0.3)": 592196.4636301453,
            "(0.0, -0.15)": 620526.5017475587,
            "(0.0, 0.0)": 593921.8370973535,
            "(0.0, 0.15)": 598109.8296034447,
            "(0.0, 0.3)": 611530.7810695944,
            "(0.15, -0.3)": 603732.7988451041,
            "(0.15, -0.15)": 602887.6568617576,
            "(0.15, 0.0)": 598016.2585053778,
            "(0.15, 0.15)": 590892.1597577307,
            "(0.15, 0.3)": 615105.3080282809,
            "(0.3, -0.3)": 599469.9575109598,
            "(0.3, -0.15)": 600548.1311185362,
            "(0.3, 0.0)": 604943.0964176066,
            "(0.3, 0.15)": 598123.3082712606,
            "(0.3, 0.3)": 593468.2230851937
        }
    }
}