{
    "execution_time": 509.359375,
    "args": {
        "intvars": false,
        "samples": 5000,
        "alpha": 0.95,
        "replicas": 30,
        "lab_factors": [
            0.8,
            0.9,
            1.0,
            1.1,
            1.2
        ],
        "dem_factors": [
            -0.3,
            -0.15,
            0,
            0.15,
            0.3
        ],
        "seed": 42,
        "verbose": 0
    },
    "results": {
        "EV": {
            "obj": 576239.010989011,
            "sol": {
                "X": [
                    [
                        300.0,
                        320.0,
                        516.1538461538462,
                        403.8461538461538
                    ],
                    [
                        578.5714285714286,
                        570.0,
                        368.07692307692304,
                        376.92307692307696
                    ]
                ],
                "U": [
                    [
                        92.85714285714312,
                        130.0,
                        0.0,
                        0.0
                    ],
                    [
                        0.0,
                        0.0,
                        0.0,
                        0.0
                    ],
                    [
                        450.0,
                        450.0,
                        375.0,
                        350.0
                    ]
                ],
                "Z+": [
                    0.0,
                    0.0,
                    0.0
                ],
                "Z-": [
                    0.0,
                    825.0,
                    275.0
                ],
                "Y+": [
                    [
                        0.0,
                        0.0,
                        0.0,
                        0.0
                    ],
                    [
                        0.0,
                        0.0,
                        0.0,
                        206.42857142857144
                    ]
                ],
                "Y-": [
                    [
                        0.0,
                        0.0,
                        76.15384615384619,
                        0.0
                    ],
                    [
                        78.57142857142856,
                        148.57142857142856,
                        16.648351648351593,
                        0.0
                    ]
                ]
            }
        },
        "EEV": 607089.265994586,
        "TS": {
            "obj": 601798.3185452279,
            "sol": {
                "X": [
                    [
                        336.0853699735144,
                        304.37447306753023,
                        453.92829313759677,
                        403.8461538461538
                    ],
                    [
                        552.4439632571375,
                        566.0343476454165,
                        394.7450172267442,
                        376.92307692307696
                    ]
                ],
                "U": [
                    [
                        106.56129617974511,
                        47.66963049720334,
                        0.0,
                        0.0
                    ],
                    [
                        0.0,
                        0.0,
                        0.0,
                        0.0
                    ],
                    [
                        375.36385272050575,
                        375.36385272050575,
                        375.0,
                        350.0
                    ]
                ],
                "Z+": [
                    0.0,
                    0.0,
                    0.0
                ],
                "Z-": [
                    0.0,
                    750.3638527205057,
                    275.0
                ]
            }
        },
        "MRP_CI": -831.6795617184589,
        "WS": 578905.667186233,
        "VSS": 5290.94744935818,
        "EVPI": 22892.651358994888,
        "purchase probability": 0.380525,
        "labor sensitivity": {
            "(0.8, 0.8)": 603878.4603558098,
            "(0.8, 0.9)": 605178.4604078267,
            "(0.8, 1.0)": 606478.4603554938,
            "(0.8, 1.1)": 607778.460355446,
            "(0.8, 1.2)": 609078.4603654623,
            "(0.9, 0.8)": 601106.5607822102,
            "(0.9, 0.9)": 602569.0607979555,
            "(0.9, 1.0)": 604031.3914130952,
            "(0.9, 1.1)": 605459.7325583668,
            "(0.9, 1.2)": 606813.3003634544,
            "(1.0, 0.8)": 598714.27743558,
            "(1.0, 0.9)": 600286.1975853993,
            "(1.0, 1.0)": 601798.3188033007,
            "(1.0, 1.1)": 603241.3939870162,
            "(1.0, 1.2)": 604613.3226846986,
            "(1.1, 0.8)": 596557.6808787868,
            "(1.1, 0.9)": 598141.4436393341,
            "(1.1, 1.0)": 599668.9144772867,
            "(1.1, 1.1)": 601127.3039271599,
            "(1.1, 1.2)": 602535.217607942,
            "(1.2, 0.8)": 594467.6272053003,
            "(1.2, 0.9)": 596064.5735104557,
            "(1.2, 1.0)": 597606.4617967634,
            "(1.2, 1.1)": 599089.3306832268,
            "(1.2, 1.2)": 600542.2797837502
        },
        "demand sensitivity": {
            "(-0.3, -0.3)": 598174.9876338622,
            "(-0.3, -0.15)": 599818.270835905,
            "(-0.3, 0.0)": 601064.4029541801,
            "(-0.3, 0.15)": 603929.2989965626,
            "(-0.3, 0.3)": 603865.3625595077,
            "(-0.15, -0.3)": 597357.2049107633,
            "(-0.15, -0.15)": 600711.7669796824,
            "(-0.15, 0.0)": 600931.0698280256,
            "(-0.15, 0.15)": 602615.0309414549,
            "(-0.15, 0.3)": 605424.2071988168,
            "(0.0, -0.3)": 598628.3660091107,
            "(0.0, -0.15)": 601038.6404264885,
            "(0.0, 0.0)": 601274.074457645,
            "(0.0, 0.15)": 602840.5355773609,
            "(0.0, 0.3)": 607113.9929686931,
            "(0.15, -0.3)": 599300.0928189531,
            "(0.15, -0.15)": 600800.3304784072,
            "(0.15, 0.0)": 600364.907171398,
            "(0.15, 0.15)": 603834.5787417876,
            "(0.15, 0.3)": 605787.0896210873,
            "(0.3, -0.3)": 596663.6829092696,
            "(0.3, -0.15)": 601481.2174107917,
            "(0.3, 0.0)": 600913.5674530835,
            "(0.3, 0.15)": 600881.3567992055,
            "(0.3, 0.3)": 604847.7349565646
        }
    }
}