{
    "execution_time": 6.78125,
    "args": {
        "intvars": true,
        "samples": 50,
        "alpha": 0.95,
        "replicas": 30,
        "lab_factors": [
            0.8,
            0.9,
            1.0,
            1.1,
            1.2
        ],
        "dem_factors": [
            -0.3,
            -0.15,
            0,
            0.15,
            0.3
        ],
        "seed": 42,
        "verbose": 0
    },
    "results": {
        "EV": {
            "obj": 576320.0,
            "sol": {
                "X": [
                    [
                        301,
                        319,
                        514,
                        406
                    ],
                    [
                        578,
                        570,
                        369,
                        376
                    ]
                ],
                "U": [
                    [
                        94,
                        126,
                        0,
                        4
                    ],
                    [
                        0,
                        0,
                        0,
                        0
                    ],
                    [
                        449,
                        447,
                        375,
                        350
                    ]
                ],
                "Z+": [
                    0,
                    0,
                    0
                ],
                "Z-": [
                    2,
                    822,
                    275
                ],
                "Y+": [
                    [
                        0,
                        0,
                        0,
                        0
                    ],
                    [
                        0,
                        0,
                        0,
                        207
                    ]
                ],
                "Y-": [
                    [
                        1,
                        0,
                        74,
                        0
                    ],
                    [
                        78,
                        148,
                        17,
                        0
                    ]
                ]
            }
        },
        "EEV": 605704.3,
        "TS": {
            "obj": 601187.7999999999,
            "sol": {
                "X": [
                    [
                        339,
                        316,
                        451,
                        406
                    ],
                    [
                        541,
                        551,
                        396,
                        376
                    ]
                ],
                "U": [
                    [
                        61,
                        19,
                        0,
                        4
                    ],
                    [
                        0,
                        0,
                        0,
                        0
                    ],
                    [
                        304,
                        305,
                        375,
                        350
                    ]
                ],
                "Z+": [
                    1,
                    0,
                    0
                ],
                "Z-": [
                    0,
                    680,
                    275
                ]
            }
        },
        "MRP_CI": -2889.526457760417,
        "WS": 576790.5,
        "VSS": 4516.500000000116,
        "EVPI": 24397.29999999993,
        "purchase probability": 0.37,
        "labor sensitivity": {
            "(0.8, 0.8)": 603022.8,
            "(0.8, 0.9)": 604315.8,
            "(0.8, 1.0)": 605608.8,
            "(0.8, 1.1)": 606901.8,
            "(0.8, 1.2)": 608176.9,
            "(0.9, 0.8)": 600568.2000000001,
            "(0.9, 0.9)": 601986.8,
            "(0.9, 1.0)": 603320.8,
            "(0.9, 1.1)": 604654.8,
            "(0.9, 1.2)": 605893.4,
            "(1.0, 0.8)": 598376.8,
            "(1.0, 0.9)": 599843.8,
            "(1.0, 1.0)": 601166.6,
            "(1.0, 1.1)": 602493.6,
            "(1.0, 1.2)": 603730.1,
            "(1.1, 0.8)": 596303.7999999999,
            "(1.1, 0.9)": 597770.7999999999,
            "(1.1, 1.0)": 599127.4,
            "(1.1, 1.1)": 600452.4,
            "(1.1, 1.2)": 601777.4,
            "(1.2, 0.8)": 594262.8999999999,
            "(1.2, 0.9)": 595726.8999999999,
            "(1.2, 1.0)": 597114.1000000001,
            "(1.2, 1.1)": 598495.1000000001,
            "(1.2, 1.2)": 599876.1000000001
        },
        "demand sensitivity": {
            "(-0.3, -0.3)": 596655.6000000001,
            "(-0.3, -0.15)": 595087.7000000001,
            "(-0.3, 0.0)": 593739.2000000001,
            "(-0.3, 0.15)": 601363.1000000001,
            "(-0.3, 0.3)": 594057.7999999999,
            "(-0.15, -0.3)": 596018.2,
            "(-0.15, -0.15)": 605745.2999999999,
            "(-0.15, 0.0)": 611721.4,
            "(-0.15, 0.15)": 612345.2000000001,
            "(-0.15, 0.3)": 599257.8999999999,
            "(0.0, -0.3)": 604190.3,
            "(0.0, -0.15)": 590991.4,
            "(0.0, 0.0)": 591376.0000000001,
            "(0.0, 0.15)": 592268.6,
            "(0.0, 0.3)": 602259.4000000001,
            "(0.15, -0.3)": 600559.5,
            "(0.15, -0.15)": 602125.4,
            "(0.15, 0.0)": 607400.0,
            "(0.15, 0.15)": 602386.5,
            "(0.15, 0.3)": 613493.2999999999,
            "(0.3, -0.3)": 597556.8,
            "(0.3, -0.15)": 587779.4999999999,
            "(0.3, 0.0)": 607694.6,
            "(0.3, 0.15)": 617559.8,
            "(0.3, 0.3)": 604363.1000000001
        }
    }
}