{
    "execution_time": 1.0,
    "args": {
        "intvars": false,
        "samples": 50,
        "alpha": 0.95,
        "replicas": 30,
        "lab_factors": [
            0.8,
            0.9,
            1.0,
            1.1,
            1.2
        ],
        "dem_factors": [
            -0.3,
            -0.15,
            0,
            0.15,
            0.3
        ],
        "seed": 42,
        "verbose": 0
    },
    "results": {
        "EV": {
            "obj": 576239.010989011,
            "sol": {
                "X": [
                    [
                        300.0,
                        320.0,
                        516.1538461538462,
                        403.8461538461538
                    ],
                    [
                        578.5714285714286,
                        570.0,
                        368.07692307692304,
                        376.92307692307696
                    ]
                ],
                "U": [
                    [
                        92.85714285714312,
                        130.0,
                        0.0,
                        0.0
                    ],
                    [
                        0.0,
                        0.0,
                        0.0,
                        0.0
                    ],
                    [
                        450.0,
                        450.0,
                        375.0,
                        350.0
                    ]
                ],
                "Z+": [
                    0.0,
                    0.0,
                    0.0
                ],
                "Z-": [
                    0.0,
                    825.0,
                    275.0
                ],
                "Y+": [
                    [
                        0.0,
                        0.0,
                        0.0,
                        0.0
                    ],
                    [
                        0.0,
                        0.0,
                        0.0,
                        206.42857142857144
                    ]
                ],
                "Y-": [
                    [
                        0.0,
                        0.0,
                        76.15384615384619,
                        0.0
                    ],
                    [
                        78.57142857142856,
                        148.57142857142856,
                        16.648351648351593,
                        0.0
                    ]
                ]
            }
        },
        "EEV": 606718.8054573762,
        "TS": {
            "obj": 602311.0361329395,
            "sol": {
                "X": [
                    [
                        339.2903710401259,
                        315.59669897977057,
                        455.47265457453994,
                        403.84615384615387
                    ],
                    [
                        542.1116318234075,
                        552.2660627064168,
                        394.08314803948286,
                        376.9230769230769
                    ]
                ],
                "U": [
                    [
                        67.71964327754085,
                        23.71710945116638,
                        0.0,
                        0.0
                    ],
                    [
                        0.0,
                        0.0,
                        0.0,
                        0.0
                    ],
                    [
                        312.65253588423,
                        312.65253588422956,
                        375.0,
                        350.0
                    ]
                ],
                "Z+": [
                    0.0,
                    0.0,
                    0.0
                ],
                "Z-": [
                    0.0,
                    687.6525358842296,
                    275.0
                ]
            }
        },
        "MRP_CI": -2687.173336894527,
        "WS": 577943.6663752412,
        "VSS": 4407.769324436667,
        "EVPI": 24367.369757698267,
        "purchase probability": 0.37,
        "labor sensitivity": {
            "(0.8, 0.8)": 604138.9827949724,
            "(0.8, 0.9)": 605438.9827931086,
            "(0.8, 1.0)": 606738.9827931,
            "(0.8, 1.1)": 608035.0176869797,
            "(0.8, 1.2)": 609316.0799054331,
            "(0.9, 0.8)": 601652.8322761557,
            "(0.9, 0.9)": 603078.9303317253,
            "(0.9, 1.0)": 604429.2354034904,
            "(0.9, 1.1)": 605756.3407423772,
            "(0.9, 1.2)": 607037.2551596375,
            "(1.0, 0.8)": 599487.9341315794,
            "(1.0, 0.9)": 600959.3019333184,
            "(1.0, 1.0)": 602311.0361330381,
            "(1.0, 1.1)": 603633.9831320577,
            "(1.0, 1.2)": 604885.1756514389,
            "(1.1, 0.8)": 597395.9285567485,
            "(1.1, 0.9)": 598882.7572137949,
            "(1.1, 1.0)": 600259.3980874912,
            "(1.1, 1.1)": 601576.7986343092,
            "(1.1, 1.2)": 602866.9461179499,
            "(1.2, 0.8)": 595337.8285298252,
            "(1.2, 0.9)": 596828.8864348026,
            "(1.2, 1.0)": 598264.4473466608,
            "(1.2, 1.1)": 599630.2902172562,
            "(1.2, 1.2)": 600992.6980157091
        },
        "demand sensitivity": {
            "(-0.3, -0.3)": 597793.5164008412,
            "(-0.3, -0.15)": 596141.3617162723,
            "(-0.3, 0.0)": 594901.1167637114,
            "(-0.3, 0.15)": 602388.1028585214,
            "(-0.3, 0.3)": 595196.0383583368,
            "(-0.15, -0.3)": 597093.4711219415,
            "(-0.15, -0.15)": 606776.2450251044,
            "(-0.15, 0.0)": 612841.8801215821,
            "(-0.15, 0.15)": 613504.1458506649,
            "(-0.15, 0.3)": 600278.7910679405,
            "(0.0, -0.3)": 605307.1120361574,
            "(0.0, -0.15)": 592032.0445900119,
            "(0.0, 0.0)": 592506.2993663275,
            "(0.0, 0.15)": 593367.037876405,
            "(0.0, 0.3)": 603421.3221047968,
            "(0.15, -0.3)": 601645.0317314229,
            "(0.15, -0.15)": 603192.2271458781,
            "(0.15, 0.0)": 608476.6629393944,
            "(0.15, 0.15)": 603482.788472661,
            "(0.15, 0.3)": 614575.5524803726,
            "(0.3, -0.3)": 598694.1757213033,
            "(0.3, -0.15)": 588904.5633455439,
            "(0.3, 0.0)": 608716.7316603698,
            "(0.3, 0.15)": 618665.5366203594,
            "(0.3, 0.3)": 605462.3262647582
        }
    }
}