{
    "execution_time": 2900.34375,
    "args": {
        "intvars": false,
        "samples": 10000,
        "alpha": 0.95,
        "replicas": 30,
        "lab_factors": [
            0.8,
            0.9,
            1.0,
            1.1,
            1.2
        ],
        "dem_factors": [
            -0.3,
            -0.15,
            0,
            0.15,
            0.3
        ],
        "seed": 42,
        "verbose": 1
    },
    "results": {
        "EV": {
            "obj": 576239.010989011,
            "sol": {
                "X": [
                    [
                        300.0,
                        320.0,
                        516.1538461538462,
                        403.8461538461538
                    ],
                    [
                        578.5714285714286,
                        570.0,
                        368.07692307692304,
                        376.92307692307696
                    ]
                ],
                "U": [
                    [
                        92.85714285714312,
                        130.0,
                        0.0,
                        0.0
                    ],
                    [
                        0.0,
                        0.0,
                        0.0,
                        0.0
                    ],
                    [
                        450.0,
                        450.0,
                        375.0,
                        350.0
                    ]
                ],
                "Z+": [
                    0.0,
                    0.0,
                    0.0
                ],
                "Z-": [
                    0.0,
                    825.0,
                    275.0
                ],
                "Y+": [
                    [
                        0.0,
                        0.0,
                        0.0,
                        0.0
                    ],
                    [
                        0.0,
                        0.0,
                        0.0,
                        206.42857142857144
                    ]
                ],
                "Y-": [
                    [
                        0.0,
                        0.0,
                        76.15384615384619,
                        0.0
                    ],
                    [
                        78.57142857142856,
                        148.57142857142856,
                        16.648351648351593,
                        0.0
                    ]
                ]
            }
        },
        "EEV": 607025.39447901,
        "TS": {
            "obj": 601811.0001983882,
            "sol": {
                "X": [
                    [
                        336.9487919802515,
                        304.755757243255,
                        454.2515805310939,
                        403.84615384615387
                    ],
                    [
                        553.9840696755521,
                        567.7810845628363,
                        394.60646548667404,
                        376.9230769230769
                    ]
                ],
                "U": [
                    [
                        117.71551629876603,
                        57.92845178720154,
                        0.0,
                        0.0
                    ],
                    [
                        0.0,
                        0.0,
                        0.0,
                        0.0
                    ],
                    [
                        388.73486366961924,
                        388.73486366961924,
                        375.0,
                        350.0
                    ]
                ],
                "Z+": [
                    0.0,
                    0.0,
                    0.0
                ],
                "Z-": [
                    0.0,
                    763.7348636696188,
                    275.0
                ],
                "Y+ avg": [
                    [
                        5.213258462880253,
                        11.721542486501045,
                        5.7298913868917065,
                        38.25908048297754
                    ],
                    [
                        10.362137550561819,
                        2.947473261854905,
                        33.65251489914701,
                        166.02057027890504
                    ]
                ],
                "Y- avg": [
                    [
                        42.16004111527129,
                        38.63709193016022,
                        58.6202787548766,
                        20.725877092400573
                    ],
                    [
                        64.34648770494913,
                        135.07541737451018,
                        63.34242109085249,
                        6.290083190670959
                    ]
                ]
            }
        },
        "MRP_CI": 317.8419543066657,
        "WS": 578882.1030859539,
        "VSS": 5214.394280621782,
        "EVPI": 22928.89711243438,
        "purchase probability": 0.3775,
        "labor sensitivity": {
            "(0.8, 0.8)": 603924.9708869233,
            "(0.8, 0.9)": 605224.9709040355,
            "(0.8, 1.0)": 606524.9709638155,
            "(0.8, 1.1)": 607824.9710428861,
            "(0.8, 1.2)": 609124.9709172358,
            "(0.9, 0.8)": 601110.0144698261,
            "(0.9, 0.9)": 602572.5143645747,
            "(0.9, 1.0)": 604035.0144645491,
            "(0.9, 1.1)": 605483.03078084,
            "(0.9, 1.2)": 606857.7579382337,
            "(1.0, 0.8)": 598682.3411103927,
            "(1.0, 0.9)": 600276.3074650656,
            "(1.0, 1.0)": 601811.0001998822,
            "(1.0, 1.1)": 603278.8621083699,
            "(1.0, 1.2)": 604672.4167690481,
            "(1.1, 0.8)": 596537.1761189975,
            "(1.1, 0.9)": 598144.8410445694,
            "(1.1, 1.0)": 599692.4822583533,
            "(1.1, 1.1)": 601176.8538975111,
            "(1.1, 1.2)": 602594.4322496987,
            "(1.2, 0.8)": 594456.2136609051,
            "(1.2, 0.9)": 596077.892116017,
            "(1.2, 1.0)": 597639.9362332779,
            "(1.2, 1.1)": 599140.8127295865,
            "(1.2, 1.2)": 600604.9833602639
        },
        "demand sensitivity": {
            "(-0.3, -0.3)": 597441.0977813844,
            "(-0.3, -0.15)": 599717.7818136533,
            "(-0.3, 0.0)": 602535.613331119,
            "(-0.3, 0.15)": 602868.9102808231,
            "(-0.3, 0.3)": 605200.4797592484,
            "(-0.15, -0.3)": 596791.1230049822,
            "(-0.15, -0.15)": 600380.3460813508,
            "(-0.15, 0.0)": 600793.3896895435,
            "(-0.15, 0.15)": 603530.605618841,
            "(-0.15, 0.3)": 604835.5703411913,
            "(0.0, -0.3)": 597342.9689215695,
            "(0.0, -0.15)": 600496.0054657359,
            "(0.0, 0.0)": 601924.5795407449,
            "(0.0, 0.15)": 602803.7473455055,
            "(0.0, 0.3)": 606185.4726781065,
            "(0.15, -0.3)": 596398.5811262886,
            "(0.15, -0.15)": 599741.0186276032,
            "(0.15, 0.0)": 601393.1213271527,
            "(0.15, 0.15)": 603071.6786909222,
            "(0.15, 0.3)": 604972.7119881554,
            "(0.3, -0.3)": 598174.7751050194,
            "(0.3, -0.15)": 601767.3088349587,
            "(0.3, 0.0)": 601909.7771587232,
            "(0.3, 0.15)": 602566.5029527219,
            "(0.3, 0.3)": 605080.372393827
        }
    }
}