{
    "execution_time": 0.515625,
    "args": {
        "intvars": false,
        "samples": 10,
        "alpha": 0.95,
        "replicas": 30,
        "lab_factors": [
            0.8,
            0.9,
            1.0,
            1.1,
            1.2
        ],
        "dem_factors": [
            -0.3,
            -0.15,
            0,
            0.15,
            0.3
        ],
        "seed": 42,
        "verbose": 0
    },
    "results": {
        "EV": {
            "obj": 576239.010989011,
            "sol": {
                "X": [
                    [
                        300.0,
                        320.0,
                        516.1538461538462,
                        403.8461538461538
                    ],
                    [
                        578.5714285714286,
                        570.0,
                        368.07692307692304,
                        376.92307692307696
                    ]
                ],
                "U": [
                    [
                        92.85714285714312,
                        130.0,
                        0.0,
                        0.0
                    ],
                    [
                        0.0,
                        0.0,
                        0.0,
                        0.0
                    ],
                    [
                        450.0,
                        450.0,
                        375.0,
                        350.0
                    ]
                ],
                "Z+": [
                    0.0,
                    0.0,
                    0.0
                ],
                "Z-": [
                    0.0,
                    825.0,
                    275.0
                ],
                "Y+": [
                    [
                        0.0,
                        0.0,
                        0.0,
                        0.0
                    ],
                    [
                        0.0,
                        0.0,
                        0.0,
                        206.42857142857144
                    ]
                ],
                "Y-": [
                    [
                        0.0,
                        0.0,
                        76.15384615384619,
                        0.0
                    ],
                    [
                        78.57142857142856,
                        148.57142857142856,
                        16.648351648351593,
                        0.0
                    ]
                ]
            }
        },
        "EEV": 606849.8502707335,
        "TS": {
            "obj": 598309.6953692647,
            "sol": {
                "X": [
                    [
                        330.9363960350805,
                        304.2489796993574,
                        457.3276546647911,
                        403.8461538461538
                    ],
                    [
                        545.1633520966327,
                        556.6008162405141,
                        393.2881480008038,
                        376.92307692307696
                    ]
                ],
                "U": [
                    [
                        49.56234462348539,
                        0.0,
                        0.0,
                        0.0
                    ],
                    [
                        0.0,
                        0.0,
                        0.0,
                        0.0
                    ],
                    [
                        308.9526527816706,
                        308.9526527816706,
                        375.0,
                        350.0
                    ]
                ],
                "Z+": [
                    0.0,
                    0.0,
                    0.0
                ],
                "Z-": [
                    0.0,
                    683.9526527816706,
                    275.0
                ]
            }
        },
        "MRP_CI": -3887.5861335923537,
        "WS": 573520.8385271926,
        "VSS": 8540.154901468777,
        "EVPI": 24788.8568420721,
        "purchase probability": 0.3625,
        "labor sensitivity": {
            "(0.8, 0.8)": 600051.6325540391,
            "(0.8, 0.9)": 601286.000250083,
            "(0.8, 1.0)": 602483.905554941,
            "(0.8, 1.1)": 603681.8108617008,
            "(0.8, 1.2)": 604879.7161670589,
            "(0.9, 0.8)": 597782.0446419069,
            "(0.9, 0.9)": 599121.0551955729,
            "(0.9, 1.0)": 600391.460501006,
            "(0.9, 1.1)": 601661.8658065941,
            "(0.9, 1.2)": 602932.2711126496,
            "(1.0, 0.8)": 595554.3048477637,
            "(1.0, 0.9)": 596966.7900637272,
            "(1.0, 1.0)": 598309.6953693115,
            "(1.0, 1.1)": 599652.6006748951,
            "(1.0, 1.2)": 600995.5059801404,
            "(1.1, 0.8)": 593362.8381996198,
            "(1.1, 0.9)": 594847.8234120874,
            "(1.1, 1.0)": 596263.2287164283,
            "(1.1, 1.1)": 597678.6340254437,
            "(1.1, 1.2)": 599094.0393309705,
            "(1.2, 0.8)": 591202.3938776135,
            "(1.2, 0.9)": 592759.8790908421,
            "(1.2, 1.0)": 594247.7843973072,
            "(1.2, 1.1)": 595735.6897043,
            "(1.2, 1.2)": 597223.5950097637
        },
        "demand sensitivity": {
            "(-0.3, -0.3)": 607074.7038760809,
            "(-0.3, -0.15)": 592592.8595403268,
            "(-0.3, 0.0)": 611244.9585616571,
            "(-0.3, 0.15)": 616507.0412368258,
            "(-0.3, 0.3)": 591495.8533793516,
            "(-0.15, -0.3)": 616157.2425892749,
            "(-0.15, -0.15)": 582475.1736862668,
            "(-0.15, 0.0)": 587891.8665930533,
            "(-0.15, 0.15)": 580823.584434899,
            "(-0.15, 0.3)": 584256.9052066368,
            "(0.0, -0.3)": 622020.0796588325,
            "(0.0, -0.15)": 614847.1272561538,
            "(0.0, 0.0)": 608097.6091494709,
            "(0.0, 0.15)": 597929.2980213969,
            "(0.0, 0.3)": 616286.6982255058,
            "(0.15, -0.3)": 600162.9502600209,
            "(0.15, -0.15)": 611644.3512476045,
            "(0.15, 0.0)": 610435.0375267064,
            "(0.15, 0.15)": 584480.7980949399,
            "(0.15, 0.3)": 606656.8163612371,
            "(0.3, -0.3)": 592838.9933613719,
            "(0.3, -0.15)": 571896.3103670109,
            "(0.3, 0.0)": 629607.2742610378,
            "(0.3, 0.15)": 624322.1810282473,
            "(0.3, 0.3)": 634781.4264156577
        }
    }
}