{
    "execution_time": 83.71875,
    "args": {
        "intvars": false,
        "samples": 1000,
        "alpha": 0.95,
        "replicas": 30,
        "lab_factors": [
            0.8,
            0.9,
            1.0,
            1.1,
            1.2
        ],
        "dep_factors": [
            0,
            0.1,
            0.2,
            0.3,
            0.4,
            0.5
        ],
        "seed": 42,
        "verbose": 0
    },
    "results": {
        "EV": {
            "obj": 576239.010989011,
            "sol": {
                "X": [
                    [
                        300.0,
                        320.0,
                        516.1538461538462,
                        403.8461538461538
                    ],
                    [
                        578.5714285714286,
                        570.0,
                        368.07692307692304,
                        376.92307692307696
                    ]
                ],
                "U": [
                    [
                        92.85714285714312,
                        130.0,
                        0.0,
                        0.0
                    ],
                    [
                        0.0,
                        0.0,
                        0.0,
                        0.0
                    ],
                    [
                        450.0,
                        450.0,
                        375.0,
                        350.0
                    ]
                ],
                "Z+": [
                    0.0,
                    0.0,
                    0.0
                ],
                "Z-": [
                    0.0,
                    825.0,
                    275.0
                ],
                "Y+": [
                    [
                        0.0,
                        0.0,
                        0.0,
                        0.0
                    ],
                    [
                        0.0,
                        0.0,
                        0.0,
                        206.42857142857144
                    ]
                ],
                "Y-": [
                    [
                        0.0,
                        0.0,
                        76.15384615384619,
                        0.0
                    ],
                    [
                        78.57142857142856,
                        148.57142857142856,
                        16.648351648351593,
                        0.0
                    ]
                ]
            }
        },
        "EEV": 606435.4379760714,
        "TS": {
            "obj": 601117.5993877135,
            "sol": {
                "X": [
                    [
                        337.52358594195675,
                        304.17308147099266,
                        451.85615889076644,
                        403.8461538461538
                    ],
                    [
                        555.5871165623822,
                        569.880189907081,
                        395.6330747611001,
                        376.92307692307696
                    ]
                ],
                "U": [
                    [
                        128.029926579738,
                        66.09327541937546,
                        0.0,
                        0.0
                    ],
                    [
                        0.0,
                        0.0,
                        0.0,
                        0.0
                    ],
                    [
                        401.6805737625459,
                        401.680573762545,
                        375.0,
                        350.0
                    ]
                ],
                "Z+": [
                    0.0,
                    0.0,
                    0.0
                ],
                "Z-": [
                    0.0,
                    776.6805737625455,
                    275.0
                ]
            }
        },
        "MRP_CI": 2486.708550253999,
        "WS": 578610.7047228726,
        "VSS": 5317.838588357903,
        "EVPI": 22506.89466484089,
        "purchase probability": 0.372125,
        "labor sensitivity": {
            "(0.8, 0.8)": 603312.3740750147,
            "(0.8, 0.9)": 604612.374195416,
            "(0.8, 1.0)": 605912.3740747134,
            "(0.8, 1.1)": 607212.3741039919,
            "(0.8, 1.2)": 608512.3740782546,
            "(0.9, 0.8)": 600474.3048929046,
            "(0.9, 0.9)": 601936.8049138747,
            "(0.9, 1.0)": 603399.3048839264,
            "(0.9, 1.1)": 604852.2648368555,
            "(0.9, 1.2)": 606233.5782954397,
            "(1.0, 0.8)": 597936.1162804449,
            "(1.0, 0.9)": 599558.9719902406,
            "(1.0, 1.0)": 601117.5993878609,
            "(1.0, 1.1)": 602610.0340811686,
            "(1.0, 1.2)": 604007.9576901284,
            "(1.1, 0.8)": 595756.1078193752,
            "(1.1, 0.9)": 597408.7523637457,
            "(1.1, 1.0)": 598985.270218697,
            "(1.1, 1.1)": 600495.7068661132,
            "(1.1, 1.2)": 601921.566506186,
            "(1.2, 0.8)": 593661.4420617957,
            "(1.2, 0.9)": 595324.8646753446,
            "(1.2, 1.0)": 596925.7897318243,
            "(1.2, 1.1)": 598453.062247601,
            "(1.2, 1.2)": 599928.66753706
        },
        "demand sensitivity": {
            "(0.0, 0.0)": 601024.8703144494,
            "(0.0, 0.1)": 605562.4359089012,
            "(0.0, 0.2)": 599006.586479374,
            "(0.0, 0.3)": 605540.5443034045,
            "(0.0, 0.4)": 609304.2436389069,
            "(0.0, 0.5)": 609111.457721973,
            "(0.1, 0.0)": 601428.6978005127,
            "(0.1, 0.1)": 602139.9379585574,
            "(0.1, 0.2)": 603965.0728383955,
            "(0.1, 0.3)": 606893.1617810647,
            "(0.1, 0.4)": 607603.7354905844,
            "(0.1, 0.5)": 610384.4059344758,
            "(0.2, 0.0)": 605112.3895431379,
            "(0.2, 0.1)": 600662.509601109,
            "(0.2, 0.2)": 601170.7599465698,
            "(0.2, 0.3)": 603087.018088361,
            "(0.2, 0.4)": 605327.2580357078,
            "(0.2, 0.5)": 617034.5381028168,
            "(0.3, 0.0)": 601834.787445729,
            "(0.3, 0.1)": 599720.3594705141,
            "(0.3, 0.2)": 604958.8638240558,
            "(0.3, 0.3)": 601349.7205127515,
            "(0.3, 0.4)": 611936.5525968722,
            "(0.3, 0.5)": 614330.7554543854,
            "(0.4, 0.0)": 603960.826491525,
            "(0.4, 0.1)": 602371.3640371376,
            "(0.4, 0.2)": 601543.7739581418,
            "(0.4, 0.3)": 607156.539231946,
            "(0.4, 0.4)": 606710.2770503701,
            "(0.4, 0.5)": 607429.5938887459,
            "(0.5, 0.0)": 603572.8594475994,
            "(0.5, 0.1)": 602289.9346035899,
            "(0.5, 0.2)": 605103.8162170458,
            "(0.5, 0.3)": 601993.6700479543,
            "(0.5, 0.4)": 604052.9149780498,
            "(0.5, 0.5)": 611093.0237173119
        }
    }
}