{
    "execution_time": 4.578125,
    "args": {
        "intvars": false,
        "samples": 100,
        "alpha": 0.95,
        "replicas": 30,
        "lab_factors": [
            0.8,
            0.9,
            1.0,
            1.1,
            1.2
        ],
        "dep_factors": [
            0,
            0.1,
            0.2,
            0.3,
            0.4,
            0.5
        ],
        "seed": 42,
        "verbose": 0
    },
    "results": {
        "EV": {
            "obj": 576239.010989011,
            "sol": {
                "X": [
                    [
                        300.0,
                        320.0,
                        516.1538461538462,
                        403.8461538461538
                    ],
                    [
                        578.5714285714286,
                        570.0,
                        368.07692307692304,
                        376.92307692307696
                    ]
                ],
                "U": [
                    [
                        92.85714285714312,
                        130.0,
                        0.0,
                        0.0
                    ],
                    [
                        0.0,
                        0.0,
                        0.0,
                        0.0
                    ],
                    [
                        450.0,
                        450.0,
                        375.0,
                        350.0
                    ]
                ],
                "Z+": [
                    0.0,
                    0.0,
                    0.0
                ],
                "Z-": [
                    0.0,
                    825.0,
                    275.0
                ],
                "Y+": [
                    [
                        0.0,
                        0.0,
                        0.0,
                        0.0
                    ],
                    [
                        0.0,
                        0.0,
                        0.0,
                        206.42857142857144
                    ]
                ],
                "Y-": [
                    [
                        0.0,
                        0.0,
                        76.15384615384619,
                        0.0
                    ],
                    [
                        78.57142857142856,
                        148.57142857142856,
                        16.648351648351593,
                        0.0
                    ]
                ]
            }
        },
        "EEV": 605327.7006555371,
        "TS": {
            "obj": 600414.4304966909,
            "sol": {
                "X": [
                    [
                        333.87673096062986,
                        308.13122930591504,
                        459.0711960893588,
                        403.8461538461538
                    ],
                    [
                        564.0528295883015,
                        575.0866160117506,
                        392.5409159617034,
                        376.92307692307696
                    ]
                ],
                "U": [
                    [
                        155.77107178402684,
                        107.95799728241309,
                        0.0,
                        0.0
                    ],
                    [
                        0.0,
                        0.0,
                        0.0,
                        0.0
                    ],
                    [
                        449.99999999999955,
                        450.0,
                        375.0,
                        350.0
                    ]
                ],
                "Z+": [
                    0.0,
                    0.0,
                    0.0
                ],
                "Z-": [
                    0.0,
                    825.0,
                    275.0
                ]
            }
        },
        "MRP_CI": 8780.365990201764,
        "WS": 578994.4191526929,
        "VSS": 4913.270158846164,
        "EVPI": 21420.01134399802,
        "purchase probability": 0.365,
        "labor sensitivity": {
            "(0.8, 0.8)": 603283.2416226879,
            "(0.8, 0.9)": 604583.2416213563,
            "(0.8, 1.0)": 605883.2416213687,
            "(0.8, 1.1)": 607183.241621341,
            "(0.8, 1.2)": 608483.2416213413,
            "(0.9, 0.8)": 600037.9998507156,
            "(0.9, 0.9)": 601500.4998492124,
            "(0.9, 1.0)": 602962.9998492447,
            "(0.9, 1.1)": 604425.4998492268,
            "(0.9, 1.2)": 605887.9998492239,
            "(1.0, 0.8)": 597164.4304966927,
            "(1.0, 0.9)": 598789.4304966996,
            "(1.0, 1.0)": 600414.4304982931,
            "(1.0, 1.1)": 602039.430496902,
            "(1.0, 1.2)": 603648.0005993316,
            "(1.1, 0.8)": 594648.7203445325,
            "(1.1, 0.9)": 596431.3203088666,
            "(1.1, 1.0)": 598180.9499491113,
            "(1.1, 1.1)": 599891.2585041048,
            "(1.1, 1.2)": 601530.0576063523,
            "(1.2, 0.8)": 592470.7908842656,
            "(1.2, 0.9)": 594303.2771637924,
            "(1.2, 1.0)": 596058.3983395029,
            "(1.2, 1.1)": 597781.9660285132,
            "(1.2, 1.2)": 599433.4249142254
        },
        "demand sensitivity": {
            "(0.0, 0.0)": 605262.0902315538,
            "(0.0, 0.1)": 602185.300927935,
            "(0.0, 0.2)": 606550.7587730931,
            "(0.0, 0.3)": 605767.0100522386,
            "(0.0, 0.4)": 604345.52475791,
            "(0.0, 0.5)": 603964.9373293882,
            "(0.1, 0.0)": 600781.5765705482,
            "(0.1, 0.1)": 596955.3613282185,
            "(0.1, 0.2)": 593262.6816215497,
            "(0.1, 0.3)": 614931.696609178,
            "(0.1, 0.4)": 608568.0146352765,
            "(0.1, 0.5)": 603694.1842053237,
            "(0.2, 0.0)": 606096.3443807628,
            "(0.2, 0.1)": 597262.742059343,
            "(0.2, 0.2)": 609062.6205934479,
            "(0.2, 0.3)": 609879.4647958212,
            "(0.2, 0.4)": 598427.6080850456,
            "(0.2, 0.5)": 611766.8111365461,
            "(0.3, 0.0)": 589089.505756068,
            "(0.3, 0.1)": 610207.843722752,
            "(0.3, 0.2)": 600152.5463607275,
            "(0.3, 0.3)": 607001.1111480825,
            "(0.3, 0.4)": 603428.6947148975,
            "(0.3, 0.5)": 611748.2636029903,
            "(0.4, 0.0)": 605735.0741577348,
            "(0.4, 0.1)": 607499.7675764641,
            "(0.4, 0.2)": 605125.7105357258,
            "(0.4, 0.3)": 596221.4068054631,
            "(0.4, 0.4)": 601129.5510869417,
            "(0.4, 0.5)": 604156.4179490509,
            "(0.5, 0.0)": 598778.8578578251,
            "(0.5, 0.1)": 604569.1318338615,
            "(0.5, 0.2)": 593462.0113566264,
            "(0.5, 0.3)": 608041.5699465504,
            "(0.5, 0.4)": 613907.2816707937,
            "(0.5, 0.5)": 613777.6859053535
        }
    }
}