{
    "execution_time": 244.09375,
    "args": {
        "intvars": true,
        "samples": 1000,
        "alpha": 0.95,
        "replicas": 30,
        "lab_factors": [
            0.8,
            0.9,
            1.0,
            1.1,
            1.2
        ],
        "dem_factors": [
            -0.3,
            -0.15,
            0,
            0.15,
            0.3
        ],
        "seed": 42,
        "verbose": 0
    },
    "results": {
        "EV": {
            "obj": 576320.0,
            "sol": {
                "X": [
                    [
                        301,
                        319,
                        514,
                        406
                    ],
                    [
                        578,
                        570,
                        369,
                        376
                    ]
                ],
                "U": [
                    [
                        94,
                        126,
                        0,
                        4
                    ],
                    [
                        0,
                        0,
                        0,
                        0
                    ],
                    [
                        449,
                        447,
                        375,
                        350
                    ]
                ],
                "Z+": [
                    0,
                    0,
                    0
                ],
                "Z-": [
                    2,
                    822,
                    275
                ],
                "Y+": [
                    [
                        0,
                        0,
                        0,
                        0
                    ],
                    [
                        0,
                        0,
                        0,
                        207
                    ]
                ],
                "Y-": [
                    [
                        1,
                        0,
                        74,
                        0
                    ],
                    [
                        78,
                        148,
                        17,
                        0
                    ]
                ]
            }
        },
        "EEV": 605379.35,
        "TS": {
            "obj": 600050.4650000001,
            "sol": {
                "X": [
                    [
                        337,
                        302,
                        451,
                        403
                    ],
                    [
                        554,
                        569,
                        396,
                        377
                    ]
                ],
                "U": [
                    [
                        118,
                        53,
                        0,
                        0
                    ],
                    [
                        0,
                        0,
                        0,
                        0
                    ],
                    [
                        389,
                        389,
                        375,
                        348
                    ]
                ],
                "Z+": [
                    0,
                    0,
                    0
                ],
                "Z-": [
                    0,
                    764,
                    277
                ]
            }
        },
        "MRP_CI": 2080.8959143779634,
        "WS": 577463.1400001933,
        "VSS": 5328.884999999893,
        "EVPI": 22587.32499980682,
        "purchase probability": 0.3735,
        "labor sensitivity": {
            "(0.8, 0.8)": 602158.4749999997,
            "(0.8, 0.9)": 603453.4749999997,
            "(0.8, 1.0)": 604748.4749999997,
            "(0.8, 1.1)": 606043.4749999997,
            "(0.8, 1.2)": 607338.4749999997,
            "(0.9, 0.8)": 599342.9849999999,
            "(0.9, 0.9)": 600801.9849999999,
            "(0.9, 1.0)": 602260.9849999999,
            "(0.9, 1.1)": 603719.9849999999,
            "(0.9, 1.2)": 605106.085,
            "(1.0, 0.8)": 596899.5149999997,
            "(1.0, 0.9)": 598518.5149999997,
            "(1.0, 1.0)": 600052.36,
            "(1.0, 1.1)": 601509.9900000001,
            "(1.0, 1.2)": 602876.5549999999,
            "(1.1, 0.8)": 594705.355,
            "(1.1, 0.9)": 596305.3049999999,
            "(1.1, 1.0)": 597906.3049999999,
            "(1.1, 1.1)": 599407.035,
            "(1.1, 1.2)": 600785.295,
            "(1.2, 0.8)": 592566.4149999996,
            "(1.2, 0.9)": 594233.4149999996,
            "(1.2, 1.0)": 595810.11,
            "(1.2, 1.1)": 597349.11,
            "(1.2, 1.2)": 598809.3099999997
        },
        "demand sensitivity": {
            "(-0.3, -0.3)": 594947.7299999996,
            "(-0.3, -0.15)": 598516.2449999996,
            "(-0.3, 0.0)": 605398.2000000003,
            "(-0.3, 0.15)": 601734.8899999997,
            "(-0.3, 0.3)": 604080.3850000005,
            "(-0.15, -0.3)": 593857.3850000004,
            "(-0.15, -0.15)": 596591.0350000001,
            "(-0.15, 0.0)": 600360.9449999997,
            "(-0.15, 0.15)": 599432.2549999999,
            "(-0.15, 0.3)": 603758.6599999998,
            "(0.0, -0.3)": 597621.2599999998,
            "(0.0, -0.15)": 599768.0449999998,
            "(0.0, 0.0)": 598013.5000000002,
            "(0.0, 0.15)": 601224.7899999996,
            "(0.0, 0.3)": 602039.5249999997,
            "(0.15, -0.3)": 598618.5700000001,
            "(0.15, -0.15)": 603091.2150000004,
            "(0.15, 0.0)": 606368.2999999998,
            "(0.15, 0.15)": 600950.8599999996,
            "(0.15, 0.3)": 601894.1500000001,
            "(0.3, -0.3)": 595564.4350000002,
            "(0.3, -0.15)": 599282.3649999999,
            "(0.3, 0.0)": 601404.325,
            "(0.3, 0.15)": 603998.39,
            "(0.3, 0.3)": 606812.1300000001
        }
    }
}