{
    "execution_time": 14712.703125,
    "args": {
        "intvars": true,
        "samples": 10000,
        "alpha": 0.95,
        "replicas": 30,
        "lab_factors": [
            0.8,
            0.9,
            1.0,
            1.1,
            1.2
        ],
        "dep_factors": [
            0,
            0.1,
            0.2,
            0.3,
            0.4,
            0.5
        ],
        "seed": 42,
        "verbose": 0
    },
    "results": {
        "EV": {
            "obj": 576320.0,
            "sol": {
                "X": [
                    [
                        301,
                        319,
                        514,
                        406
                    ],
                    [
                        578,
                        570,
                        369,
                        376
                    ]
                ],
                "U": [
                    [
                        94,
                        126,
                        0,
                        4
                    ],
                    [
                        0,
                        0,
                        0,
                        0
                    ],
                    [
                        449,
                        447,
                        375,
                        350
                    ]
                ],
                "Z+": [
                    0,
                    0,
                    0
                ],
                "Z-": [
                    2,
                    822,
                    275
                ],
                "Y+": [
                    [
                        0,
                        0,
                        0,
                        0
                    ],
                    [
                        0,
                        0,
                        0,
                        207
                    ]
                ],
                "Y-": [
                    [
                        1,
                        0,
                        74,
                        0
                    ],
                    [
                        78,
                        148,
                        17,
                        0
                    ]
                ]
            }
        },
        "EEV": 606001.4885,
        "TS": {
            "obj": 600755.1199999981,
            "sol": {
                "X": [
                    [
                        336,
                        304,
                        458,
                        399
                    ],
                    [
                        553,
                        567,
                        393,
                        379
                    ]
                ],
                "U": [
                    [
                        109,
                        51,
                        0,
                        0
                    ],
                    [
                        0,
                        0,
                        0,
                        0
                    ],
                    [
                        379,
                        381,
                        375,
                        350
                    ]
                ],
                "Z+": [
                    2,
                    0,
                    0
                ],
                "Z-": [
                    0,
                    756,
                    275
                ]
            }
        },
        "MRP_CI": 310.6956660585185,
        "WS": 577738.5615000399,
        "VSS": 5246.368500001845,
        "EVPI": 23016.55849995825,
        "purchase probability": 0.3750375,
        "labor sensitivity": {
            "(0.8, 0.8)": 602790.1104999979,
            "(0.8, 0.9)": 604085.1104999979,
            "(0.8, 1.0)": 605380.1104999979,
            "(0.8, 1.1)": 606675.1104999979,
            "(0.8, 1.2)": 607970.1104999979,
            "(0.9, 0.8)": 600021.9019999991,
            "(0.9, 0.9)": 601478.9019999991,
            "(0.9, 1.0)": 602935.9019999991,
            "(0.9, 1.1)": 604361.235999998,
            "(0.9, 1.2)": 605706.6164999992,
            "(1.0, 0.8)": 597616.7179999991,
            "(1.0, 0.9)": 599222.7179999991,
            "(1.0, 1.0)": 600757.3049999985,
            "(1.0, 1.1)": 602193.3909999985,
            "(1.0, 1.2)": 603525.6754999994,
            "(1.1, 0.8)": 595466.4819999993,
            "(1.1, 0.9)": 597097.4819999993,
            "(1.1, 1.0)": 598623.2270000001,
            "(1.1, 1.1)": 600090.7619999996,
            "(1.1, 1.2)": 601477.3369999981,
            "(1.2, 0.8)": 593385.2035,
            "(1.2, 0.9)": 595005.8344999994,
            "(1.2, 1.0)": 596527.859499999,
            "(1.2, 1.1)": 598044.859499999,
            "(1.2, 1.2)": 599460.8229999994
        },
        "demand sensitivity": {
            "(0.0, 0.0)": 600305.7949999978,
            "(0.0, 0.1)": 600152.6819999982,
            "(0.0, 0.2)": 602420.7154999978,
            "(0.0, 0.3)": 604595.861499998,
            "(0.0, 0.4)": 607409.2864999982,
            "(0.0, 0.5)": 611683.953,
            "(0.1, 0.0)": 600314.3734999989,
            "(0.1, 0.1)": 601375.4384999977,
            "(0.1, 0.2)": 600949.2294999994,
            "(0.1, 0.3)": 605425.2989999996,
            "(0.1, 0.4)": 607669.0589999986,
            "(0.1, 0.5)": 612321.4674999982,
            "(0.2, 0.0)": 600642.9294999985,
            "(0.2, 0.1)": 601304.1449999997,
            "(0.2, 0.2)": 603040.472,
            "(0.2, 0.3)": 603856.9170000002,
            "(0.2, 0.4)": 606548.2879999994,
            "(0.2, 0.5)": 610207.7624999993,
            "(0.3, 0.0)": 601368.5759999977,
            "(0.3, 0.1)": 600618.7074999982,
            "(0.3, 0.2)": 602886.4214999976,
            "(0.3, 0.3)": 603031.0279999992,
            "(0.3, 0.4)": 607390.1409999988,
            "(0.3, 0.5)": 611080.0560000004,
            "(0.4, 0.0)": 600085.4919999987,
            "(0.4, 0.1)": 600503.5079999982,
            "(0.4, 0.2)": 602805.2434999988,
            "(0.4, 0.3)": 603890.7254999988,
            "(0.4, 0.4)": 608181.9919999994,
            "(0.4, 0.5)": 609873.2449999982,
            "(0.5, 0.0)": 600459.0474999977,
            "(0.5, 0.1)": 601251.8379999995,
            "(0.5, 0.2)": 601890.3844999989,
            "(0.5, 0.3)": 604005.6334999983,
            "(0.5, 0.4)": 606895.2609999984,
            "(0.5, 0.5)": 611571.7924999984
        }
    }
}