{
    "execution_time": 3282.4375,
    "args": {
        "intvars": false,
        "samples": 10000,
        "alpha": 0.95,
        "replicas": 30,
        "lab_factors": [
            0.8,
            0.9,
            1.0,
            1.1,
            1.2
        ],
        "dep_factors": [
            0,
            0.1,
            0.2,
            0.3,
            0.4,
            0.5
        ],
        "seed": 42,
        "verbose": 0
    },
    "results": {
        "EV": {
            "obj": 576239.010989011,
            "sol": {
                "X": [
                    [
                        300.0,
                        320.0,
                        516.1538461538462,
                        403.8461538461538
                    ],
                    [
                        578.5714285714286,
                        570.0,
                        368.07692307692304,
                        376.92307692307696
                    ]
                ],
                "U": [
                    [
                        92.85714285714312,
                        130.0,
                        0.0,
                        0.0
                    ],
                    [
                        0.0,
                        0.0,
                        0.0,
                        0.0
                    ],
                    [
                        450.0,
                        450.0,
                        375.0,
                        350.0
                    ]
                ],
                "Z+": [
                    0.0,
                    0.0,
                    0.0
                ],
                "Z-": [
                    0.0,
                    825.0,
                    275.0
                ],
                "Y+": [
                    [
                        0.0,
                        0.0,
                        0.0,
                        0.0
                    ],
                    [
                        0.0,
                        0.0,
                        0.0,
                        206.42857142857144
                    ]
                ],
                "Y-": [
                    [
                        0.0,
                        0.0,
                        76.15384615384619,
                        0.0
                    ],
                    [
                        78.57142857142856,
                        148.57142857142856,
                        16.648351648351593,
                        0.0
                    ]
                ]
            }
        },
        "EEV": 607025.39447901,
        "TS": {
            "obj": 601811.0001983882,
            "sol": {
                "X": [
                    [
                        336.9487919802515,
                        304.755757243255,
                        454.2515805310939,
                        403.84615384615387
                    ],
                    [
                        553.9840696755521,
                        567.7810845628363,
                        394.60646548667404,
                        376.9230769230769
                    ]
                ],
                "U": [
                    [
                        117.71551629876603,
                        57.92845178720154,
                        0.0,
                        0.0
                    ],
                    [
                        0.0,
                        0.0,
                        0.0,
                        0.0
                    ],
                    [
                        388.73486366961924,
                        388.73486366961924,
                        375.0,
                        350.0
                    ]
                ],
                "Z+": [
                    0.0,
                    0.0,
                    0.0
                ],
                "Z-": [
                    0.0,
                    763.7348636696188,
                    275.0
                ]
            }
        },
        "MRP_CI": 317.8419543066657,
        "WS": 578882.1030859539,
        "VSS": 5214.394280621782,
        "EVPI": 22928.89711243438,
        "purchase probability": 0.3775,
        "labor sensitivity": {
            "(0.8, 0.8)": 603924.9708869233,
            "(0.8, 0.9)": 605224.9709040355,
            "(0.8, 1.0)": 606524.9709638155,
            "(0.8, 1.1)": 607824.9710428861,
            "(0.8, 1.2)": 609124.9709172358,
            "(0.9, 0.8)": 601110.0144698261,
            "(0.9, 0.9)": 602572.5143645747,
            "(0.9, 1.0)": 604035.0144645491,
            "(0.9, 1.1)": 605483.03078084,
            "(0.9, 1.2)": 606857.7579382337,
            "(1.0, 0.8)": 598682.3411103927,
            "(1.0, 0.9)": 600276.3074650656,
            "(1.0, 1.0)": 601811.0001998822,
            "(1.0, 1.1)": 603278.8621083699,
            "(1.0, 1.2)": 604672.4167690481,
            "(1.1, 0.8)": 596537.1761189975,
            "(1.1, 0.9)": 598144.8410445694,
            "(1.1, 1.0)": 599692.4822583533,
            "(1.1, 1.1)": 601176.8538975111,
            "(1.1, 1.2)": 602594.4322496987,
            "(1.2, 0.8)": 594456.2136609051,
            "(1.2, 0.9)": 596077.892116017,
            "(1.2, 1.0)": 597639.9362332779,
            "(1.2, 1.1)": 599140.8127295865,
            "(1.2, 1.2)": 600604.9833602639
        },
        "demand sensitivity": {
            "(0.0, 0.0)": 601364.5138144057,
            "(0.0, 0.1)": 601207.8793463007,
            "(0.0, 0.2)": 603495.8652143757,
            "(0.0, 0.3)": 605681.1249131035,
            "(0.0, 0.4)": 608461.6472210814,
            "(0.0, 0.5)": 612705.9917397011,
            "(0.1, 0.0)": 601372.3338344232,
            "(0.1, 0.1)": 602435.2049232657,
            "(0.1, 0.2)": 602007.7984982172,
            "(0.1, 0.3)": 606510.9164678573,
            "(0.1, 0.4)": 608705.9508249835,
            "(0.1, 0.5)": 613336.5788751256,
            "(0.2, 0.0)": 601698.6219506115,
            "(0.2, 0.1)": 602378.2022619081,
            "(0.2, 0.2)": 604098.6092618203,
            "(0.2, 0.3)": 604918.3497009051,
            "(0.2, 0.4)": 607634.3356549861,
            "(0.2, 0.5)": 611214.8989509866,
            "(0.3, 0.0)": 602447.0082571922,
            "(0.3, 0.1)": 601673.6128727095,
            "(0.3, 0.2)": 603975.3162341333,
            "(0.3, 0.3)": 604091.1927226621,
            "(0.3, 0.4)": 608463.2407071572,
            "(0.3, 0.5)": 612091.5110127968,
            "(0.4, 0.0)": 601137.029903932,
            "(0.4, 0.1)": 601590.294854169,
            "(0.4, 0.2)": 603893.032911029,
            "(0.4, 0.3)": 604943.0998301043,
            "(0.4, 0.4)": 609215.1002039016,
            "(0.4, 0.5)": 610891.3073886163,
            "(0.5, 0.0)": 601540.3671942235,
            "(0.5, 0.1)": 602354.9163874869,
            "(0.5, 0.2)": 602973.435566769,
            "(0.5, 0.3)": 605094.0269917813,
            "(0.5, 0.4)": 607972.4225678864,
            "(0.5, 0.5)": 612610.1279434001
        }
    }
}